entry_id,lineup
null-000000,T00-M1|T01-GK0|T05-F0|T06-D2|T06-M0|T07-D1|T07-F2|T07-M0
null-000001,T00-GK0|T01-D3|T03-F2|T03-M0|T04-D0|T04-F0|T04-M0|T06-M0
null-000002,T00-D3|T00-F0|T00-M1|T02-GK0|T04-M0|T06-D0|T06-F0|T06-M1
null-000003,T00-GK0|T02-F1|T03-F1|T04-D0|T04-F0|T05-D3|T07-M1|T07-M3
null-000004,T01-F1|T01-GK0|T02-D3|T02-F1|T02-M2|T04-M0|T05-D3|T06-D1
null-000005,T00-F0|T00-M1|T01-F1|T02-GK0|T04-D0|T04-M0|T06-D0|T07-D1
null-000006,T00-F0|T00-F1|T00-M1|T01-GK0|T04-D0|T04-M0|T05-F1|T06-D1
null-000007,T00-F1|T02-GK0|T03-F2|T04-D0|T04-M0|T04-M2|T04-M3|T06-D1
null-000008,T00-M0|T01-F1|T03-D0|T03-F2|T04-M0|T05-D3|T05-GK0|T06-D1
null-000009,T00-GK0|T00-M0|T03-F1|T04-M0|T05-D1|T06-D1|T06-D2|T06-F0
null-000010,T01-F1|T02-F1|T02-GK0|T03-M2|T04-D0|T05-F2|T06-D1|T07-M1
null-000011,T00-F0|T00-M3|T02-F1|T02-GK0|T02-M2|T04-M0|T06-D0|T06-D1
null-000012,T00-F0|T01-F2|T01-M0|T02-GK0|T03-F2|T04-M0|T06-D0|T07-D0
null-000013,T02-GK0|T03-F1|T03-F2|T04-D0|T04-M0|T05-D3|T06-D1|T06-M0
null-000014,T00-M0|T03-F2|T03-M1|T03-M2|T04-GK0|T05-F1|T06-D1|T06-D2
null-000015,T00-D3|T02-F0|T02-GK0|T03-F2|T04-M0|T05-D3|T07-M0|T07-M1
null-000016,T00-F0|T00-F1|T00-M0|T01-GK0|T04-F0|T06-D0|T06-D1|T06-M1
null-000017,T00-M1|T01-D1|T02-F1|T03-GK0|T05-F0|T06-D1|T06-M1|T07-D1
null-000018,T00-M0|T00-M1|T01-F1|T01-GK0|T02-F1|T03-D0|T06-D2|T07-F0
null-000019,T00-F0|T01-GK0|T02-F1|T03-F2|T04-M0|T06-D0|T06-D2|T07-M0
null-000020,T00-M0|T01-D3|T01-F1|T01-GK0|T04-F1|T06-D0|T06-D2|T07-M2
null-000021,T00-F1|T00-M0|T01-D0|T01-F1|T01-GK0|T02-M3|T03-M0|T06-D1
null-000022,T00-M3|T01-F1|T01-GK0|T04-D0|T04-M3|T05-D3|T06-D2|T07-F1
null-000023,T00-F0|T01-D2|T01-F1|T02-GK0|T03-M0|T06-D1|T06-F1|T06-M0
null-000024,T00-F0|T03-F1|T04-D0|T04-M2|T05-D3|T06-D1|T06-GK0|T07-M1
null-000025,T03-F2|T03-M0|T04-D0|T04-F2|T04-M0|T05-D3|T06-D0|T07-GK0
null-000026,T00-D0|T01-F0|T02-F1|T03-GK0|T06-D0|T06-D2|T06-M0|T06-M2
null-000027,T00-F1|T01-GK0|T03-M0|T04-M0|T05-D3|T06-D1|T06-F2|T07-D2
null-000028,T00-M0|T02-F1|T04-D0|T04-GK0|T05-D3|T06-F2|T06-M2|T07-M1
null-000029,T01-F1|T01-F2|T02-GK0|T04-D0|T04-M0|T05-D3|T06-M0|T07-M0
null-000030,T00-M0|T01-F0|T01-F1|T04-D0|T05-M1|T06-D1|T07-F1|T07-GK0
null-000031,T00-F1|T00-M0|T01-GK0|T02-F1|T03-D0|T04-D0|T04-M0|T06-D2
null-000032,T00-M1|T00-M3|T01-F1|T02-F1|T02-GK0|T04-D0|T04-M0|T06-D1
null-000033,T00-F1|T00-M0|T00-M3|T01-GK0|T01-M2|T03-F2|T04-D0|T05-D3
null-000034,T00-M3|T01-D1|T01-F1|T02-F2|T02-GK0|T06-D0|T06-D2|T07-M3
null-000035,T00-D3|T00-F1|T00-GK0|T00-M0|T02-F1|T03-F2|T04-M0|T06-D2
null-000036,T01-F1|T01-GK0|T01-M1|T02-F2|T05-D3|T06-D0|T06-M0|T07-M1
null-000037,T00-M3|T01-F0|T01-F1|T02-F1|T02-GK0|T03-D2|T05-D3|T06-M0
null-000038,T00-F0|T01-GK0|T02-F1|T03-D0|T04-M2|T05-F0|T06-D2|T06-M0
null-000039,T00-F0|T00-F1|T00-M3|T02-GK0|T04-M3|T05-D3|T06-D1|T07-D1
null-000040,T00-F1|T01-F1|T01-M0|T02-GK0|T02-M0|T04-M0|T05-D1|T06-D1
null-000041,T00-M3|T01-F1|T02-F0|T02-GK0|T03-D0|T04-M1|T06-M0|T07-D0
null-000042,T01-F1|T01-GK0|T02-F0|T04-D0|T04-M0|T05-D3|T06-D2|T06-M0
null-000043,T00-F1|T00-GK0|T00-M0|T02-F1|T03-M1|T04-D0|T05-D3|T07-D1
null-000044,T00-F0|T00-M3|T05-F1|T05-GK0|T06-D0|T06-D2|T06-M0|T07-D1
null-000045,T00-F0|T00-F1|T00-GK0|T00-M3|T03-F2|T03-M3|T04-D0|T06-D0
null-000046,T00-M0|T01-GK0|T02-F1|T03-F1|T04-D0|T04-M0|T06-D2|T07-F0
null-000047,T00-M2|T01-GK0|T02-M2|T03-D0|T03-F2|T04-F0|T07-D1|T07-M1
null-000048,T00-M3|T01-D2|T01-F2|T02-GK0|T03-D0|T03-F1|T04-M3|T07-D1
null-000049,T00-M0|T01-D0|T01-D3|T01-F1|T02-F1|T02-GK0|T02-M2|T07-D1
null-000050,T00-F2|T00-M3|T01-GK0|T04-F1|T04-M0|T06-D0|T06-D2|T06-M0
null-000051,T00-M0|T01-F2|T02-F0|T02-GK0|T03-D0|T05-D3|T05-F2|T06-M0
null-000052,T00-M3|T01-D3|T01-F0|T01-GK0|T02-M1|T04-D0|T04-F0|T07-F0
null-000053,T01-D2|T02-GK0|T04-M0|T05-F0|T06-D0|T06-M0|T07-F2|T07-M1
null-000054,T00-F1|T01-GK0|T03-F2|T03-M0|T04-D0|T04-M0|T05-D3|T07-F1
null-000055,T00-F0|T00-M0|T00-M3|T01-F1|T01-GK0|T06-D0|T06-D2|T07-F0
null-000056,T00-D3|T00-F1|T00-F2|T00-GK0|T06-D0|T06-F2|T06-M0|T07-M0
null-000057,T00-F0|T00-M0|T02-F1|T02-GK0|T02-M3|T03-F1|T05-D3|T07-D1
null-000058,T00-M3|T02-F1|T04-F0|T05-D3|T06-D0|T06-GK0|T06-M0|T07-D1
null-000059,T00-F0|T00-M3|T01-GK0|T02-F1|T04-F0|T04-M0|T06-D0|T06-D1
null-000060,T00-M3|T03-D0|T03-F1|T03-F2|T05-GK0|T05-M0|T06-D0|T06-M0
null-000061,T01-F1|T02-M0|T03-GK0|T04-D0|T04-M0|T05-D3|T05-F0|T07-D1
null-000062,T00-M3|T01-F1|T01-GK0|T03-F2|T04-D0|T05-D3|T06-F2|T07-M1
null-000063,T00-F0|T00-F1|T02-F1|T02-GK0|T03-D1|T06-M0|T07-D1|T07-M1
null-000064,T01-D0|T01-F1|T01-GK0|T02-F2|T03-F2|T04-M0|T06-D1|T06-M0
null-000065,T00-M3|T01-GK0|T02-F0|T02-F1|T04-M0|T05-D3|T06-D0|T06-D1
null-000066,T00-D3|T00-GK0|T00-M0|T01-F1|T02-F1|T03-F2|T04-M0|T06-D2
null-000067,T00-F1|T00-F2|T00-M3|T01-F1|T02-GK0|T02-M3|T05-D3|T06-D1
null-000068,T00-M0|T00-M3|T02-F1|T02-GK0|T03-D0|T04-F0|T04-M0|T06-D1
null-000069,T00-M0|T02-GK0|T04-D0|T04-F0|T04-M0|T05-D3|T05-F1|T06-D2
null-000070,T00-F0|T00-M0|T01-F1|T01-GK0|T05-D3|T06-D0|T06-D1|T06-M0
null-000071,T00-F0|T01-GK0|T01-M0|T03-F2|T04-M0|T05-D3|T06-D0|T06-D2
null-000072,T00-F0|T00-M1|T00-M3|T01-D3|T03-F2|T04-M0|T06-D0|T06-GK0
null-000073,T00-M3|T01-M1|T02-F2|T02-GK0|T03-D0|T03-F1|T06-D0|T07-D1
null-000074,T01-F2|T01-GK0|T01-M2|T03-D2|T06-D1|T06-F1|T06-M1|T07-M1
null-000075,T00-GK0|T01-F1|T03-F2|T04-M0|T05-D3|T06-D0|T07-D3|T07-M1
null-000076,T00-F0|T00-M0|T00-M3|T05-D3|T06-D0|T06-F1|T07-GK0|T07-M1
null-000077,T01-F1|T02-F1|T03-GK0|T03-M1|T05-D3|T06-D0|T06-M1|T07-M1
null-000078,T00-F1|T00-M3|T02-GK0|T03-F2|T04-M0|T06-D0|T06-D2|T07-F1
null-000079,T02-F1|T03-D0|T03-F2|T04-M0|T06-D0|T06-D2|T06-GK0|T06-M0
null-000080,T00-F1|T00-M0|T00-M3|T01-F2|T02-F1|T02-GK0|T03-D0|T06-D2
null-000081,T00-M0|T01-GK0|T02-F1|T04-M0|T05-F0|T06-D1|T06-M0|T07-D0
null-000082,T00-F1|T00-M3|T01-F1|T02-F1|T02-GK0|T03-D0|T04-D0|T04-M2
null-000083,T00-D3|T00-F0|T00-M3|T03-F2|T04-D0|T04-M0|T06-D1|T06-GK0
null-000084,T00-F0|T00-M3|T01-F1|T01-GK0|T05-D3|T06-D2|T06-M1|T07-D1
null-000085,T00-F0|T00-M0|T01-F2|T01-GK0|T03-M0|T04-D0|T04-M0|T07-D1
null-000086,T00-M3|T01-F1|T01-M1|T02-F0|T02-GK0|T04-M0|T06-D0|T06-D2
null-000087,T00-F0|T00-M0|T00-M3|T02-F1|T06-D0|T06-D2|T06-F1|T07-GK0
null-000088,T00-D3|T01-F1|T02-GK0|T04-M0|T04-M1|T06-D1|T06-D2|T06-F2
null-000089,T02-D3|T02-F1|T04-F0|T04-M0|T04-M2|T05-D3|T06-D2|T07-GK0
null-000090,T00-M3|T01-F2|T01-GK0|T02-D1|T02-F0|T04-D0|T04-M0|T06-D0
null-000091,T00-D0|T00-M0|T02-F0|T02-F1|T02-GK0|T03-F1|T04-M0|T06-D0
null-000092,T02-F2|T02-GK0|T02-M0|T03-F1|T04-D0|T04-M0|T06-D0|T07-D3
null-000093,T00-M3|T01-D1|T02-D3|T02-F1|T02-GK0|T03-F2|T04-D0|T06-M1
null-000094,T00-F0|T00-M0|T02-F1|T02-GK0|T05-D3|T05-F2|T06-D0|T06-M0
null-000095,T01-GK0|T02-F1|T04-D0|T05-D3|T06-D0|T06-F0|T06-M1|T06-M2
null-000096,T00-M3|T02-F0|T02-GK0|T03-F2|T05-D3|T06-D0|T06-D1|T06-M0
null-000097,T00-M3|T01-GK0|T02-F2|T03-F1|T06-D0|T06-D2|T06-M0|T07-M0
null-000098,T00-F0|T00-F1|T01-GK0|T03-D0|T06-D0|T06-F0|T06-M1|T07-M0
null-000099,T00-F0|T00-M1|T01-D3|T02-F1|T02-GK0|T02-M3|T06-D1|T07-M3
null-000100,T00-D3|T01-F2|T03-F2|T04-D0|T05-D3|T05-M2|T06-M0|T07-GK0
null-000101,T00-F0|T02-F1|T02-GK0|T03-D0|T04-M0|T06-D0|T06-D2|T06-M0
null-000102,T00-M0|T01-D2|T01-F1|T02-F1|T02-GK0|T03-D2|T04-D0|T06-M0
null-000103,T00-F2|T03-F2|T03-M3|T04-D0|T04-M0|T06-D2|T06-GK0|T06-M2
null-000104,T00-M3|T01-F1|T02-F1|T02-GK0|T03-D0|T03-F1|T04-M2|T07-D1
null-000105,T00-D3|T00-F0|T00-F2|T00-M1|T01-GK0|T03-F2|T06-D1|T06-M0
null-000106,T00-F0|T00-M3|T01-D1|T02-GK0|T03-F2|T04-M2|T06-D2|T07-M1
null-000107,T01-F1|T02-F1|T03-F2|T04-D0|T04-M0|T04-M3|T06-D1|T07-GK0
null-000108,T00-D3|T00-F0|T00-M3|T01-F1|T04-M0|T04-M2|T06-D2|T07-GK0
null-000109,T00-F0|T00-F1|T00-M1|T01-F1|T02-GK0|T04-D3|T06-D2|T06-M0
null-000110,T00-F1|T02-F1|T02-F2|T02-GK0|T04-D0|T04-M0|T06-D0|T06-M0
null-000111,T00-F0|T00-GK0|T01-F2|T04-D0|T04-M0|T04-M1|T06-D1|T07-M0
null-000112,T00-F1|T00-M1|T01-GK0|T02-D0|T02-F1|T02-M3|T06-D0|T07-M0
null-000113,T00-D3|T00-F2|T02-GK0|T04-F2|T04-M0|T06-D1|T06-M1|T07-D3
null-000114,T00-M1|T01-F1|T01-GK0|T01-M2|T05-D3|T06-D1|T06-F1|T07-D1
null-000115,T00-M0|T01-GK0|T03-D0|T03-F2|T04-F1|T05-D3|T05-F1|T06-M0
null-000116,T02-GK0|T03-F0|T04-F1|T04-M0|T05-D3|T06-D0|T06-D1|T06-M0
null-000117,T00-D3|T00-M0|T00-M3|T01-M0|T02-F1|T02-GK0|T05-D3|T07-F0
null-000118,T00-F0|T00-F1|T00-M1|T02-GK0|T03-D0|T03-M1|T04-F1|T06-D1
null-000119,T00-F0|T00-M0|T02-GK0|T03-F1|T04-F1|T04-M0|T06-D2|T07-D0
null-000120,T00-F0|T00-M0|T01-GK0|T02-F1|T03-D0|T04-M0|T05-D3|T06-D0
null-000121,T00-F0|T00-M0|T02-F1|T03-GK0|T04-D0|T04-M0|T05-D3|T07-M1
null-000122,T00-M1|T00-M3|T02-F2|T03-F1|T06-D0|T06-D1|T06-GK0|T07-D1
null-000123,T00-F0|T00-M0|T01-D0|T01-D2|T02-F1|T02-GK0|T03-F2|T04-M2
null-000124,T00-F0|T00-M1|T02-GK0|T03-F2|T04-M0|T05-D3|T06-D2|T06-D3
null-000125,T01-D0|T02-F1|T02-F2|T02-GK0|T03-D0|T03-M0|T06-M0|T07-F2
null-000126,T00-D3|T00-M0|T01-D1|T01-F1|T02-F1|T02-GK0|T04-M0|T06-D0
null-000127,T00-M1|T02-F1|T03-F1|T04-GK0|T05-D3|T06-D0|T06-D1|T06-M0
null-000128,T00-M3|T01-D3|T02-GK0|T04-M0|T06-D1|T06-F1|T07-D2|T07-F2
null-000129,T00-M0|T02-F1|T02-GK0|T03-M0|T04-D0|T06-D0|T07-F0|T07-F1
null-000130,T00-M3|T01-GK0|T04-M0|T05-F1|T05-M0|T06-D1|T06-D2|T06-F2
null-000131,T01-GK0|T01-M0|T03-F2|T04-D0|T04-M0|T05-M0|T06-D0|T07-F1
null-000132,T00-M0|T01-D1|T01-F2|T02-F1|T03-GK0|T04-D0|T06-M2|T07-M1
null-000133,T00-M3|T01-F0|T01-GK0|T03-D0|T03-F1|T03-M0|T06-D0|T07-M1
null-000134,T00-F1|T01-F2|T01-M1|T02-GK0|T03-F2|T05-D3|T06-D0|T06-M2
null-000135,T00-F0|T00-M0|T01-F2|T04-D1|T04-M0|T06-D2|T06-GK0|T06-M0
null-000136,T00-M2|T01-GK0|T03-F2|T04-F0|T04-M0|T04-M1|T06-D0|T06-D1
null-000137,T00-F0|T00-F2|T00-M3|T01-GK0|T02-M3|T03-F0|T04-D0|T06-D0
null-000138,T00-M3|T01-GK0|T02-F1|T03-F0|T04-M2|T05-D3|T06-D0|T06-D1
null-000139,T00-M0|T00-M3|T01-F1|T02-F1|T02-GK0|T03-D1|T04-D0|T04-M0
null-000140,T00-F0|T00-M0|T00-M3|T01-F1|T03-F1|T06-D0|T06-D2|T06-GK0
null-000141,T00-F0|T00-M0|T00-M3|T01-F0|T02-GK0|T04-M0|T06-D0|T06-D1
null-000142,T00-F0|T00-M0|T01-D2|T01-F2|T02-GK0|T04-D0|T05-F1|T07-M1
null-000143,T00-M0|T00-M1|T01-F2|T03-D2|T03-F2|T03-GK0|T04-D0|T06-D1
null-000144,T00-M0|T00-M1|T02-F1|T03-F2|T04-GK0|T05-D1|T06-D2|T06-F1
null-000145,T00-M3|T01-F1|T01-F2|T02-D3|T03-F2|T06-D0|T06-M0|T07-GK0
null-000146,T00-M0|T00-M1|T02-GK0|T03-D2|T03-F1|T04-D3|T04-F0|T04-M0
null-000147,T00-M1|T00-M3|T01-F1|T02-GK0|T05-D0|T06-D0|T06-F0|T07-D0
null-000148,T01-D3|T01-F2|T02-GK0|T04-M0|T04-M2|T05-D3|T06-F2|T07-D1
null-000149,T00-F0|T00-F2|T00-M0|T01-GK0|T02-F1|T06-D0|T06-D1|T06-M0
