entry_id,segment_hypothesis,lineup
demo-0000,shared-consensus hypothesis,T00-F0|T00-M3|T01-GK0|T02-F1|T04-M0|T05-D3|T06-D0|T06-D2
demo-0001,shared-consensus hypothesis,T00-F0|T01-GK0|T02-F1|T03-D0|T04-M0|T05-D3|T06-D0|T06-M1
demo-0002,shared-consensus hypothesis,T00-F0|T00-M3|T01-GK0|T02-F1|T03-D0|T04-M0|T05-D3|T06-D0
demo-0003,shared-consensus hypothesis,T00-M3|T01-GK0|T02-F1|T03-F1|T04-M0|T05-D3|T06-D0|T06-D2
demo-0004,shared-consensus hypothesis,T00-F0|T00-M3|T01-GK0|T02-F1|T04-M0|T05-D3|T06-D0|T06-D2
demo-0005,shared-consensus hypothesis,T00-F0|T00-M3|T01-GK0|T02-F1|T04-M0|T05-D3|T06-D0|T06-D2
demo-0006,shared-consensus hypothesis,T00-F0|T00-M1|T01-GK0|T02-F1|T03-D0|T04-M0|T05-D3|T06-D0
demo-0007,shared-consensus hypothesis,T00-F0|T00-M3|T01-GK0|T02-F1|T04-M0|T05-D3|T06-D0|T06-D2
demo-0008,shared-consensus hypothesis,T00-F0|T00-M3|T01-GK0|T02-F1|T04-M0|T05-D3|T06-D0|T06-D2
demo-0009,shared-consensus hypothesis,T00-F0|T00-M3|T01-GK0|T02-F1|T04-M0|T05-D3|T06-D0|T06-D2
demo-0010,shared-consensus hypothesis,T00-F0|T00-M3|T01-GK0|T02-F1|T04-M0|T05-D3|T06-D0|T06-D2
demo-0011,shared-consensus hypothesis,T00-M3|T01-GK0|T02-F1|T03-F1|T04-M0|T05-D3|T06-D0|T06-D2
demo-0012,shared-consensus hypothesis,T00-F0|T00-M3|T01-GK0|T02-F1|T04-M0|T05-D3|T06-D0|T06-D2
demo-0013,shared-consensus hypothesis,T00-F0|T00-M1|T01-GK0|T02-F1|T03-D0|T04-M0|T05-D3|T06-D0
demo-0014,shared-consensus hypothesis,T00-F0|T00-M3|T01-GK0|T02-F1|T04-M0|T05-D3|T06-D0|T06-D2
demo-0015,shared-consensus hypothesis,T00-F0|T00-M1|T01-GK0|T02-F1|T04-M0|T05-D3|T06-D0|T06-D2
demo-0016,shared-consensus hypothesis,T00-F0|T01-GK0|T02-F1|T03-D0|T04-M0|T05-D3|T06-D0|T06-M1
demo-0017,shared-consensus hypothesis,T00-M3|T01-GK0|T02-F1|T03-F1|T04-M0|T05-D3|T06-D0|T06-D2
demo-0018,shared-consensus hypothesis,T00-F0|T00-M3|T01-GK0|T02-F1|T04-M0|T05-D3|T06-D0|T06-D2
demo-0019,shared-consensus hypothesis,T00-F0|T00-M1|T01-GK0|T02-F1|T03-D0|T04-M0|T05-D3|T06-D0
demo-0020,shared-consensus hypothesis,T00-F0|T00-M3|T01-GK0|T02-F1|T04-M0|T05-D3|T06-D0|T06-D2
demo-0021,shared-consensus hypothesis,T00-M3|T01-GK0|T02-F1|T03-D0|T03-F1|T04-M0|T05-D3|T06-D0
demo-0022,shared-consensus hypothesis,T00-F0|T00-M3|T01-GK0|T02-F1|T04-M0|T05-D3|T06-D0|T06-D2
demo-0023,shared-consensus hypothesis,T00-F0|T00-M3|T01-GK0|T02-F1|T03-D0|T04-M0|T05-D3|T06-D0
demo-0024,shared-consensus hypothesis,T00-F0|T00-M3|T01-GK0|T02-F1|T04-M0|T05-D3|T06-D0|T06-D2
demo-0025,shared-consensus hypothesis,T00-F0|T00-M3|T01-GK0|T02-F1|T04-M0|T05-D3|T06-D0|T06-D2
demo-0026,shared-consensus hypothesis,T00-F0|T00-M3|T01-GK0|T02-F1|T04-M0|T05-D3|T06-D0|T06-D2
demo-0027,shared-consensus hypothesis,T00-F0|T00-M3|T01-GK0|T02-F1|T04-M0|T05-D3|T06-D0|T06-D2
demo-0028,shared-consensus hypothesis,T00-F0|T01-GK0|T02-F1|T03-D0|T04-M0|T04-M2|T05-D3|T06-D0
demo-0029,shared-consensus hypothesis,T00-F0|T00-M3|T01-GK0|T02-F1|T04-M0|T05-D3|T06-D0|T06-D2
demo-0030,shared-consensus hypothesis,T00-F0|T00-M3|T01-GK0|T02-F1|T04-M0|T05-D3|T06-D0|T06-D2
demo-0031,shared-consensus hypothesis,T00-F0|T00-M3|T01-GK0|T02-F1|T04-M0|T05-D3|T06-D0|T06-D2
demo-0032,shared-consensus hypothesis,T00-F0|T01-GK0|T02-F1|T04-M0|T05-D3|T06-D0|T06-D2|T06-M1
demo-0033,shared-consensus hypothesis,T00-F0|T00-M3|T01-GK0|T02-F1|T04-M0|T05-D3|T06-D0|T06-D2
demo-0034,shared-consensus hypothesis,T00-F0|T00-M3|T01-GK0|T02-F1|T04-M0|T05-D3|T06-D0|T06-D2
demo-0035,shared-consensus hypothesis,T00-F0|T01-GK0|T02-F1|T04-M0|T05-D3|T06-D0|T06-D2|T06-M1
demo-0036,shared-consensus hypothesis,T00-F0|T00-M3|T01-GK0|T02-F1|T03-D0|T04-M0|T05-D3|T06-D0
demo-0037,shared-consensus hypothesis,T00-F0|T00-M3|T01-GK0|T02-F1|T04-M0|T05-D3|T06-D0|T06-D2
demo-0038,shared-consensus hypothesis,T00-F0|T00-M3|T01-GK0|T04-F0|T04-M0|T05-D3|T06-D0|T06-D2
demo-0039,shared-consensus hypothesis,T00-F0|T00-M3|T01-GK0|T02-F1|T04-M0|T05-D3|T06-D0|T06-D2
demo-0040,shared-consensus hypothesis,T00-M3|T01-GK0|T02-F1|T03-D0|T03-F1|T04-M0|T05-D3|T06-D0
demo-0041,shared-consensus hypothesis,T00-F0|T00-M3|T01-GK0|T02-F1|T04-M0|T05-D3|T06-D0|T06-D2
demo-0042,shared-consensus hypothesis,T00-F0|T00-M3|T01-GK0|T02-F1|T04-M0|T05-D3|T06-D0|T06-D2
demo-0043,shared-consensus hypothesis,T00-F0|T00-M3|T01-GK0|T02-F1|T03-D0|T04-M0|T05-D3|T06-D0
demo-0044,shared-consensus hypothesis,T00-F0|T00-M3|T01-GK0|T02-F1|T04-M0|T05-D3|T06-D0|T06-D2
demo-0045,shared-consensus hypothesis,T00-F0|T00-M3|T01-GK0|T02-F1|T04-M0|T05-D3|T06-D0|T06-D2
demo-0046,shared-consensus hypothesis,T00-F0|T00-M3|T01-GK0|T02-F1|T04-M0|T05-D3|T06-D0|T06-D2
demo-0047,shared-consensus hypothesis,T00-F0|T00-M3|T01-GK0|T02-F1|T04-M0|T05-D3|T06-D0|T06-D2
demo-0048,shared-consensus hypothesis,T00-F0|T01-GK0|T02-F1|T04-M0|T04-M2|T05-D3|T06-D0|T06-D2
demo-0049,shared-consensus hypothesis,T00-F0|T00-M1|T01-GK0|T02-F1|T04-M0|T05-D3|T06-D0|T06-D2
demo-0050,shared-consensus hypothesis,T00-F0|T00-M3|T01-GK0|T02-F1|T04-M0|T05-D3|T06-D0|T06-D2
demo-0051,shared-consensus hypothesis,T00-F0|T00-M3|T01-GK0|T02-F1|T04-M0|T05-D3|T06-D0|T06-D2
demo-0052,shared-consensus hypothesis,T00-F0|T00-M3|T01-GK0|T02-F1|T03-D0|T04-M0|T05-D3|T06-D0
demo-0053,shared-consensus hypothesis,T00-F0|T01-GK0|T02-F1|T04-M0|T05-D3|T06-D0|T06-D2|T06-M1
demo-0054,shared-consensus hypothesis,T00-F0|T00-M3|T01-GK0|T02-F1|T04-M0|T05-D3|T06-D0|T06-D2
demo-0055,shared-consensus hypothesis,T00-F0|T00-M3|T01-GK0|T02-F1|T04-M0|T05-D3|T06-D0|T06-D2
demo-0056,shared-consensus hypothesis,T00-F0|T00-M3|T01-GK0|T02-F1|T03-D0|T04-M0|T05-D3|T06-D0
demo-0057,shared-consensus hypothesis,T00-F0|T00-M3|T01-GK0|T02-F1|T04-M0|T05-D3|T06-D0|T06-D2
demo-0058,shared-consensus hypothesis,T00-F0|T00-M1|T01-GK0|T02-F1|T03-D0|T04-M0|T05-D3|T06-D0
demo-0059,shared-consensus hypothesis,T00-F0|T00-M3|T01-GK0|T02-F1|T04-M0|T05-D3|T06-D0|T06-D2
demo-0060,shared-consensus hypothesis,T00-F0|T00-M1|T01-GK0|T02-F1|T03-D0|T04-M0|T05-D3|T06-D2
demo-0061,shared-consensus hypothesis,T00-F0|T00-M3|T01-GK0|T02-F1|T03-D0|T04-M0|T05-D3|T06-D0
demo-0062,shared-consensus hypothesis,T00-F0|T00-M3|T01-GK0|T02-F1|T04-M0|T05-D3|T06-D0|T06-D2
demo-0063,shared-consensus hypothesis,T00-F0|T00-M3|T01-GK0|T02-F1|T04-M0|T05-D3|T06-D0|T06-D2
demo-0064,shared-consensus hypothesis,T00-M3|T01-GK0|T02-F1|T03-D0|T03-F1|T04-M0|T05-D3|T06-D0
demo-0065,shared-consensus hypothesis,T00-F0|T00-M3|T01-GK0|T02-F1|T03-D0|T04-M0|T05-D3|T06-D0
demo-0066,shared-consensus hypothesis,T00-F0|T00-M1|T01-GK0|T02-F1|T03-D0|T04-M0|T05-D3|T06-D2
demo-0067,shared-consensus hypothesis,T00-F0|T00-M3|T01-GK0|T02-F1|T04-M0|T05-D3|T06-D0|T06-D2
demo-0068,shared-consensus hypothesis,T00-F0|T00-M3|T01-GK0|T02-F1|T03-D0|T04-M0|T05-D3|T06-D0
demo-0069,shared-consensus hypothesis,T00-F0|T00-M3|T01-GK0|T02-F1|T03-D0|T04-M0|T05-D3|T06-D0
demo-0070,shared-consensus hypothesis,T00-F0|T00-M3|T01-GK0|T02-F1|T03-D0|T04-M0|T05-D3|T06-D0
demo-0071,shared-consensus hypothesis,T00-F0|T00-M3|T01-GK0|T02-F1|T04-M0|T05-D3|T06-D0|T06-D2
demo-0072,shared-consensus hypothesis,T00-F0|T00-M3|T01-GK0|T02-F1|T03-D0|T04-M0|T05-D3|T06-D0
demo-0073,shared-consensus hypothesis,T00-F0|T00-M1|T01-GK0|T02-F1|T04-M0|T05-D3|T06-D0|T06-D2
demo-0074,shared-consensus hypothesis,T00-F0|T01-GK0|T02-F1|T04-M0|T05-D3|T06-D0|T06-D2|T06-M1
demo-0075,weighted-random hypothesis,T00-F1|T00-M0|T03-GK0|T03-M2|T03-M3|T05-D2|T06-D1|T07-F0
demo-0076,weighted-random hypothesis,T00-M1|T01-D0|T03-F2|T03-GK0|T04-D0|T04-M0|T05-F1|T07-D1
demo-0077,weighted-random hypothesis,T00-M0|T01-GK0|T01-M1|T02-F0|T06-D2|T06-F2|T07-D1|T07-F2
demo-0078,weighted-random hypothesis,T00-GK0|T00-M0|T00-M3|T01-F2|T03-F2|T05-D3|T06-D2|T07-D3
demo-0079,weighted-random hypothesis,T00-D3|T00-M3|T01-F1|T03-F2|T03-M0|T04-M0|T05-GK0|T06-D1
demo-0080,weighted-random hypothesis,T01-D1|T01-D3|T01-M0|T03-F0|T06-D1|T06-F2|T06-GK0|T07-M3
demo-0081,weighted-random hypothesis,T00-M1|T01-F1|T01-M3|T02-GK0|T03-F0|T04-D0|T06-D3|T06-F0
demo-0082,weighted-random hypothesis,T00-GK0|T01-F1|T03-F2|T04-D0|T04-D1|T05-M3|T06-D1|T07-M1
demo-0083,weighted-random hypothesis,T01-D0|T02-D3|T02-GK0|T03-M0|T04-F0|T04-M0|T05-D0|T06-F2
demo-0084,weighted-random hypothesis,T00-M0|T01-F0|T01-GK0|T03-D2|T03-F0|T04-M2|T06-D1|T06-F2
demo-0085,weighted-random hypothesis,T00-F1|T00-F2|T02-F1|T02-GK0|T02-M0|T03-D0|T06-D0|T06-M0
demo-0086,weighted-random hypothesis,T00-D2|T01-M1|T02-GK0|T03-F1|T03-F2|T04-D0|T04-M0|T04-M1
demo-0087,weighted-random hypothesis,T00-M0|T02-D3|T03-F1|T03-GK0|T04-D0|T04-M1|T05-F1|T07-M1
demo-0088,weighted-random hypothesis,T00-F1|T01-F1|T01-GK0|T04-M1|T04-M2|T06-D0|T06-D1|T07-D2
demo-0089,weighted-random hypothesis,T00-F1|T01-D0|T01-D1|T02-GK0|T03-F0|T06-M0|T07-D2|T07-M2
demo-0090,weighted-random hypothesis,T00-F2|T00-M1|T02-GK0|T04-D1|T05-F2|T06-D3|T06-M0|T07-D1
demo-0091,weighted-random hypothesis,T00-F2|T01-D0|T01-GK0|T03-M0|T04-M0|T06-D1|T06-D2|T06-F2
demo-0092,weighted-random hypothesis,T02-D3|T02-F1|T04-D0|T05-M1|T06-F1|T06-GK0|T07-D1|T07-M1
demo-0093,weighted-random hypothesis,T01-F0|T01-M2|T02-D3|T02-GK0|T04-D0|T04-M3|T05-F0|T06-F1
demo-0094,weighted-random hypothesis,T01-D2|T02-F2|T03-GK0|T03-M0|T03-M2|T05-F0|T06-D1|T06-M0
demo-0095,weighted-random hypothesis,T00-F1|T01-M0|T03-D0|T03-GK0|T03-M0|T04-D0|T04-F1|T06-F1
demo-0096,weighted-random hypothesis,T00-GK0|T00-M0|T01-D1|T01-F0|T03-F2|T06-D1|T06-F0|T06-M0
demo-0097,weighted-random hypothesis,T00-D3|T00-GK0|T01-D3|T01-F2|T03-F2|T03-M0|T06-M0|T07-M3
demo-0098,weighted-random hypothesis,T01-D2|T01-F1|T02-GK0|T03-D0|T06-F2|T06-M0|T06-M3|T07-F1
demo-0099,weighted-random hypothesis,T01-F1|T02-GK0|T03-M2|T05-D3|T07-D1|T07-D2|T07-F2|T07-M1
demo-0100,weighted-random hypothesis,T00-M3|T03-D2|T03-F0|T04-D0|T05-M1|T06-D1|T06-F1|T07-GK0
demo-0101,weighted-random hypothesis,T00-F1|T00-M3|T02-GK0|T04-D0|T04-M0|T05-M1|T06-D2|T06-F0
demo-0102,weighted-random hypothesis,T00-F0|T00-M0|T01-D3|T02-GK0|T03-D0|T06-M1|T07-F2|T07-M1
demo-0103,weighted-random hypothesis,T01-F1|T01-F2|T01-GK0|T03-F1|T04-D0|T04-M3|T06-M0|T07-D3
demo-0104,weighted-random hypothesis,T04-D0|T04-F0|T04-M2|T05-F2|T05-M0|T06-D1|T06-M0|T07-GK0
demo-0105,weighted-random hypothesis,T00-D3|T00-F1|T00-M0|T02-F2|T02-GK0|T02-M1|T02-M2|T04-D0
demo-0106,weighted-random hypothesis,T00-F2|T01-D1|T02-GK0|T03-D0|T04-M3|T05-D1|T06-M2|T07-F0
demo-0107,weighted-random hypothesis,T00-M1|T01-F2|T02-D3|T02-GK0|T04-F1|T06-D1|T06-M1|T07-F2
demo-0108,weighted-random hypothesis,T01-F2|T03-F2|T03-GK0|T03-M0|T03-M1|T04-D0|T04-M0|T05-D1
demo-0109,weighted-random hypothesis,T00-F1|T00-M2|T02-M0|T04-D0|T05-F0|T06-D1|T06-F2|T06-GK0
demo-0110,weighted-random hypothesis,T01-F1|T02-M0|T03-F2|T03-GK0|T04-M2|T05-D3|T06-D2|T06-M0
demo-0111,weighted-random hypothesis,T00-F1|T00-M0|T01-D1|T01-F1|T02-D0|T05-F0|T05-GK0|T06-M0
demo-0112,weighted-random hypothesis,T00-M0|T01-D1|T02-M0|T03-M3|T04-F0|T05-F1|T06-D1|T06-GK0
demo-0113,weighted-random hypothesis,T00-F2|T00-M1|T01-F2|T02-D3|T02-GK0|T03-D1|T06-D2|T06-M1
demo-0114,weighted-random hypothesis,T01-M1|T03-D0|T03-D2|T03-F2|T04-F1|T04-M0|T06-GK0|T07-D0
demo-0115,weighted-random hypothesis,T00-F0|T02-D3|T03-F2|T04-D3|T05-M1|T06-M0|T07-GK0|T07-M1
demo-0116,weighted-random hypothesis,T00-M0|T01-F2|T01-M0|T02-D2|T02-F1|T02-GK0|T05-D3|T06-M1
demo-0117,weighted-random hypothesis,T00-F2|T00-M0|T01-D1|T01-D3|T02-F0|T02-GK0|T04-F0|T04-M0
demo-0118,weighted-random hypothesis,T00-GK0|T00-M0|T00-M1|T01-D3|T03-F2|T05-F0|T06-D1|T06-M2
demo-0119,weighted-random hypothesis,T00-M0|T02-F0|T03-F2|T03-M0|T04-GK0|T04-M2|T07-D0|T07-D1
demo-0120,weighted-random hypothesis,T01-D2|T01-M1|T02-GK0|T03-D2|T04-F0|T06-F0|T06-M0|T07-M0
demo-0121,weighted-random hypothesis,T00-F0|T00-M0|T01-D3|T01-F1|T03-GK0|T06-D1|T07-F0|T07-M0
demo-0122,weighted-random hypothesis,T00-M0|T01-D1|T02-F0|T03-D1|T03-F0|T03-GK0|T04-D0|T04-M0
demo-0123,weighted-random hypothesis,T00-M0|T02-F2|T02-M3|T04-F1|T05-D1|T06-D0|T07-D1|T07-GK0
demo-0124,weighted-random hypothesis,T00-M3|T01-F1|T02-M2|T04-D0|T04-F0|T05-D3|T06-M0|T07-GK0
demo-0125,weighted-random hypothesis,T00-F0|T00-F1|T01-M1|T03-F2|T04-D0|T04-M3|T06-D1|T06-GK0
demo-0126,weighted-random hypothesis,T00-D3|T00-F1|T01-F2|T02-M2|T04-D0|T04-F1|T04-M0|T06-GK0
demo-0127,weighted-random hypothesis,T00-M1|T01-D0|T02-F2|T04-D0|T04-M3|T06-F1|T07-D1|T07-GK0
demo-0128,weighted-random hypothesis,T00-GK0|T00-M1|T01-F1|T04-F1|T04-M2|T06-D1|T07-D2|T07-M1
demo-0129,weighted-random hypothesis,T00-F0|T00-F1|T02-GK0|T04-D0|T04-M0|T05-D3|T05-F0|T06-M0
demo-0130,weighted-random hypothesis,T00-D3|T00-M0|T02-F1|T02-F2|T02-GK0|T03-F0|T06-D2|T07-M0
demo-0131,weighted-random hypothesis,T00-F1|T02-F2|T04-F0|T05-GK0|T06-M0|T07-D0|T07-D1|T07-M0
demo-0132,weighted-random hypothesis,T02-D1|T03-F2|T03-GK0|T04-M0|T05-D3|T06-F1|T06-M0|T07-M1
demo-0133,weighted-random hypothesis,T00-F1|T00-M3|T04-D0|T04-M0|T05-D3|T05-GK0|T06-D1|T06-F1
demo-0134,weighted-random hypothesis,T00-D3|T00-M0|T00-M1|T01-F1|T03-D2|T05-D3|T05-F1|T07-GK0
demo-0135,weighted-random hypothesis,T00-M0|T00-M1|T01-D0|T01-F1|T02-F1|T04-GK0|T06-D1|T07-F0
demo-0136,weighted-random hypothesis,T00-F2|T00-GK0|T00-M0|T01-F1|T03-M1|T04-D0|T04-F0|T06-D0
demo-0137,weighted-random hypothesis,T00-M1|T01-F2|T04-D0|T04-GK0|T05-F1|T06-D1|T06-D2|T06-M2
demo-0138,weighted-random hypothesis,T00-GK0|T01-F1|T02-F0|T04-D0|T04-M1|T06-M0|T07-D1|T07-D3
demo-0139,weighted-random hypothesis,T01-F1|T03-GK0|T04-D0|T04-M0|T05-D3|T06-F0|T07-M1|T07-M3
demo-0140,weighted-random hypothesis,T00-D0|T02-GK0|T03-M1|T04-D0|T04-M2|T05-F0|T06-F1|T07-M0
demo-0141,weighted-random hypothesis,T00-D0|T00-M1|T01-D3|T01-F0|T02-GK0|T02-M1|T06-M0|T07-F0
demo-0142,weighted-random hypothesis,T00-M0|T02-D0|T02-GK0|T03-D0|T03-F1|T06-F0|T06-F2|T06-M0
demo-0143,weighted-random hypothesis,T00-D3|T01-F2|T01-M1|T02-GK0|T03-F2|T04-M0|T07-D3|T07-M1
demo-0144,weighted-random hypothesis,T00-M1|T02-GK0|T02-M1|T03-D2|T03-F2|T04-F2|T06-D2|T07-M0
demo-0145,weighted-random hypothesis,T01-F2|T02-GK0|T04-D0|T04-M2|T05-F1|T05-M0|T06-D2|T07-F1
demo-0146,weighted-random hypothesis,T02-F1|T02-GK0|T03-F1|T04-M0|T04-M3|T06-D1|T06-D2|T06-F2
demo-0147,weighted-random hypothesis,T00-M2|T01-D1|T02-M3|T03-F1|T03-GK0|T04-D0|T04-F0|T07-M1
demo-0148,weighted-random hypothesis,T00-M3|T01-D2|T01-F1|T02-GK0|T03-F2|T04-D3|T05-D1|T05-M1
demo-0149,weighted-random hypothesis,T01-F2|T01-M2|T04-D0|T05-M0|T06-D1|T06-GK0|T07-F1|T07-M2
