player_id,player,team,pos,salary,true_mean,consensus,fame,recency
T00-GK0,T00-GK0,T00,GK,6325,6.48,4.95,0.277,3.98
T00-D0,T00-D0,T00,D,7528,6.6,5.7,0.377,3.18
T00-D1,T00-D1,T00,D,6958,7.07,7.03,0.267,6.91
T00-D2,T00-D2,T00,D,4876,4.35,1.5,0.025,0.0
T00-D3,T00-D3,T00,D,5410,6.12,6.37,0.568,6.99
T00-M0,T00-M0,T00,M,4586,3.97,3.37,0.488,4.6
T00-M1,T00-M1,T00,M,6301,7.24,8.16,0.298,13.07
T00-M2,T00-M2,T00,M,8047,7.95,7.61,0.354,7.33
T00-M3,T00-M3,T00,M,6666,8.1,9.45,0.519,15.58
T00-F0,T00-F0,T00,F,8706,9.88,13.1,0.34,20.88
T00-F1,T00-F1,T00,F,6633,6.58,6.85,0.644,5.54
T00-F2,T00-F2,T00,F,8171,8.39,8.0,0.86,4.68
T01-GK0,T01-GK0,T01,GK,5256,5.79,5.72,0.355,4.71
T01-D0,T01-D0,T01,D,6481,7.92,7.62,0.301,11.47
T01-D1,T01-D1,T01,D,5743,5.34,6.71,0.814,9.13
T01-D2,T01-D2,T01,D,5730,5.49,5.25,0.881,3.14
T01-D3,T01-D3,T01,D,6536,6.65,4.85,0.451,0.52
T01-M0,T01-M0,T01,M,7577,6.87,7.42,0.663,6.74
T01-M1,T01-M1,T01,M,7600,7.04,7.29,0.499,10.25
T01-M2,T01-M2,T01,M,6363,8.14,6.48,0.01,6.46
T01-M3,T01-M3,T01,M,8935,7.85,6.68,0.292,4.41
T01-F0,T01-F0,T01,F,7877,8.87,10.14,0.449,12.74
T01-F1,T01-F1,T01,F,6430,6.43,4.95,0.509,0.63
T01-F2,T01-F2,T01,F,7340,6.71,6.62,0.548,7.2
T02-GK0,T02-GK0,T02,GK,3380,2.7,2.5,0.591,0.0
T02-D0,T02-D0,T02,D,5261,3.6,4.55,0.289,7.88
T02-D1,T02-D1,T02,D,5813,3.93,4.24,0.86,3.57
T02-D2,T02-D2,T02,D,5622,6.14,5.69,0.775,3.15
T02-D3,T02-D3,T02,D,5238,5.12,6.5,0.181,12.04
T02-M0,T02-M0,T02,M,8361,9.44,8.4,0.326,7.64
T02-M1,T02-M1,T02,M,7139,7.91,5.27,0.425,0.32
T02-M2,T02-M2,T02,M,8564,10.54,11.37,0.236,12.4
T02-M3,T02-M3,T02,M,5805,5.57,4.14,0.342,0.0
T02-F0,T02-F0,T02,F,7730,8.36,8.5,0.312,10.86
T02-F1,T02-F1,T02,F,6786,8.16,9.51,0.196,15.51
T02-F2,T02-F2,T02,F,7969,8.86,8.23,0.39,6.07
T03-GK0,T03-GK0,T03,GK,5916,5.49,7.17,0.794,9.23
T03-D0,T03-D0,T03,D,4835,5.33,7.1,0.737,10.64
T03-D1,T03-D1,T03,D,7446,7.1,8.6,0.708,12.16
T03-D2,T03-D2,T03,D,6991,8.65,10.17,0.715,11.37
T03-D3,T03-D3,T03,D,9264,9.23,6.63,0.214,0.0
T03-M0,T03-M0,T03,M,6275,6.1,3.66,0.71,0.0
T03-M1,T03-M1,T03,M,7579,8.14,7.68,0.439,8.36
T03-M2,T03-M2,T03,M,5673,5.31,3.71,0.257,0.0
T03-M3,T03-M3,T03,M,7515,7.63,5.75,0.253,4.01
T03-F0,T03-F0,T03,F,6858,6.81,7.23,0.304,8.77
T03-F1,T03-F1,T03,F,8635,11.47,11.66,0.722,10.98
T03-F2,T03-F2,T03,F,5841,5.91,6.1,0.686,5.45
T04-GK0,T04-GK0,T04,GK,7188,7.59,4.8,0.01,3.78
T04-D0,T04-D0,T04,D,2771,1.04,1.02,0.833,1.3
T04-D1,T04-D1,T04,D,6226,4.73,4.84,0.539,5.0
T04-D2,T04-D2,T04,D,6969,6.3,6.32,0.638,7.49
T04-D3,T04-D3,T04,D,6395,7.06,5.44,0.773,0.07
T04-M0,T04-M0,T04,M,6363,7.73,10.39,0.93,15.76
T04-M1,T04-M1,T04,M,8328,8.97,8.59,0.01,10.35
T04-M2,T04-M2,T04,M,6626,7.87,8.09,0.433,6.89
T04-M3,T04-M3,T04,M,7625,8.27,7.8,0.882,5.22
T04-F0,T04-F0,T04,F,6903,5.33,7.44,0.741,10.37
T04-F1,T04-F1,T04,F,7867,8.41,8.03,0.437,7.29
T04-F2,T04-F2,T04,F,9496,10.66,9.43,0.485,7.47
T05-GK0,T05-GK0,T05,GK,7664,8.25,6.38,0.413,2.15
T05-D0,T05-D0,T05,D,8016,9.34,8.97,0.443,8.12
T05-D1,T05-D1,T05,D,5679,5.39,6.05,0.286,10.26
T05-D2,T05-D2,T05,D,9063,8.87,7.92,0.422,5.56
T05-D3,T05-D3,T05,D,6726,7.94,11.09,0.615,19.02
T05-M0,T05-M0,T05,M,7421,9.12,6.76,0.58,2.26
T05-M1,T05-M1,T05,M,8989,11.49,14.37,0.77,19.87
T05-M2,T05-M2,T05,M,10269,10.33,8.66,0.451,7.07
T05-M3,T05-M3,T05,M,9431,9.51,7.99,0.74,4.33
T05-F0,T05-F0,T05,F,8368,9.14,9.54,0.449,10.32
T05-F1,T05-F1,T05,F,8339,9.46,9.66,0.552,9.0
T05-F2,T05-F2,T05,F,10934,12.94,10.55,0.514,3.66
T06-GK0,T06-GK0,T06,GK,4334,1.99,1.17,0.677,1.17
T06-D0,T06-D0,T06,D,4600,4.15,7.98,0.659,16.57
T06-D1,T06-D1,T06,D,3851,3.5,2.63,0.486,2.53
T06-D2,T06-D2,T06,D,4753,4.93,7.53,0.778,10.78
T06-D3,T06-D3,T06,D,5333,3.99,3.17,0.467,1.85
T06-M0,T06-M0,T06,M,4073,4.17,4.28,0.699,3.12
T06-M1,T06-M1,T06,M,6154,7.85,8.02,0.304,8.82
T06-M2,T06-M2,T06,M,6720,5.64,3.68,0.553,0.0
T06-M3,T06-M3,T06,M,7497,7.54,9.2,0.025,14.95
T06-F0,T06-F0,T06,F,7747,8.9,8.32,0.426,2.7
T06-F1,T06-F1,T06,F,7620,6.47,5.64,0.338,7.37
T06-F2,T06-F2,T06,F,6992,6.14,7.49,0.187,12.03
T07-GK0,T07-GK0,T07,GK,4818,4.26,3.0,0.488,1.31
T07-D0,T07-D0,T07,D,4926,5.07,4.96,0.178,4.81
T07-D1,T07-D1,T07,D,4432,3.11,2.42,0.338,0.0
T07-D2,T07-D2,T07,D,6482,4.73,4.92,0.305,6.86
T07-D3,T07-D3,T07,D,5610,4.35,5.2,0.461,7.67
T07-M0,T07-M0,T07,M,5728,5.32,6.37,0.513,10.59
T07-M1,T07-M1,T07,M,5633,7.0,4.67,0.663,1.05
T07-M2,T07-M2,T07,M,7592,6.97,4.35,0.119,0.98
T07-M3,T07-M3,T07,M,6022,5.25,4.13,0.298,1.28
T07-F0,T07-F0,T07,F,6740,6.35,3.29,0.257,0.0
T07-F1,T07-F1,T07,F,8809,10.54,10.66,0.561,10.37
T07-F2,T07-F2,T07,F,8572,7.64,4.61,0.24,0.0
